<?xml version="1.0" encoding="UTF-8"?> 
<!DOCTYPE log4j:configuration SYSTEM "log4j.dtd">
<log4j:configuration debug="false" xmlns:log4j="http://jakarta.apache.org/log4j/">

	<appender name="FileAppender" class="org.apache.log4j.RollingFileAppender">
        <param name="file" value="logs/spilkontrol.log" />
        <param name="MaxFileSize" value="100MB" />
        <param name="MaxBackupIndex" value="30" />
        <layout class="org.apache.log4j.PatternLayout">
            <param name="ConversionPattern" value="%-5p %d [%t] : %m%n" />
        </layout>
    </appender>
	
	<root>
        <priority value="INFO" />
        <appender-ref ref="FileAppender" />
	</root>
	
</log4j:configuration>
