<?xml version="1.0" encoding="UTF-8"?>
<MonopolTalspilTransaktionStruktur xmlns="http://skat.dk/begrebsmodel/2009/01/15/">
  <MonopolTalspilTransaktionStruktur>
    <FilInformation>
      <SpilFilVersion>v2</SpilFilVersion>
      <SpilFilIdentifikation>SG_numbergame-1606857548-00000000071b5481</SpilFilIdentifikation>
    </FilInformation>
    <TilladelsesindehaverOgSpil>
      <SpilCertifikatIdentifikation>DLOLoerdagsLotto</SpilCertifikatIdentifikation>
      <MonopolSpilKategoriNavn>MonopolLoerdagsLotto</MonopolSpilKategoriNavn>
      <MonopolSpilProduktNavn>Lotto</MonopolSpilProduktNavn>
      <MonopolSpilProduktIdentifikation>011-000001590</MonopolSpilProduktIdentifikation>
    </TilladelsesindehaverOgSpil>
    <TalSpil>
      <SpillerOgKupon>
        <SpillerInformationIdentifikation>323064</SpillerInformationIdentifikation>
        <SpilTransaktionIdentifikation>43083700482649925011000001590</SpilTransaktionIdentifikation>
        <SpilKøbDatoTid>2020-12-01T21:16:47Z</SpilKøbDatoTid>
        <SpilSalgskanal>Internet</SpilSalgskanal>
        <SpilAntalRækker>8</SpilAntalRækker>
        <SpilIndskud>40</SpilIndskud>
        <SpilIndskudSpil>40</SpilIndskudSpil>
        <MonopolTalspilType>Matematisk</MonopolTalspilType>
        <ValutaOplysningKode>DKK</ValutaOplysningKode>
        <SpilSted>
          <SpilHjemmeside>danskespil.dk</SpilHjemmeside>
        </SpilSted>
        <JackpotListe></JackpotListe>
        <SpilkombinationerListe>
          <Spilkombinationer>
            <RækkeNummer>1</RækkeNummer>
            <RækkeSpilkombinationer>3,11,16,23,27,28,31,0</RækkeSpilkombinationer>
          </Spilkombinationer>
          <Spilkombinationer>
            <RækkeNummer>2</RækkeNummer>
            <RækkeSpilkombinationer>3,11,16,23,27,28,36,0</RækkeSpilkombinationer>
          </Spilkombinationer>
          <Spilkombinationer>
            <RækkeNummer>3</RækkeNummer>
            <RækkeSpilkombinationer>3,11,16,23,27,31,36,0</RækkeSpilkombinationer>
          </Spilkombinationer>
          <Spilkombinationer>
            <RækkeNummer>4</RækkeNummer>
            <RækkeSpilkombinationer>3,11,16,23,28,31,36,0</RækkeSpilkombinationer>
          </Spilkombinationer>
          <Spilkombinationer>
            <RækkeNummer>5</RækkeNummer>
            <RækkeSpilkombinationer>3,11,16,27,28,31,36,0</RækkeSpilkombinationer>
          </Spilkombinationer>
          <Spilkombinationer>
            <RækkeNummer>6</RækkeNummer>
            <RækkeSpilkombinationer>3,11,23,27,28,31,36,0</RækkeSpilkombinationer>
          </Spilkombinationer>
          <Spilkombinationer>
            <RækkeNummer>7</RækkeNummer>
            <RækkeSpilkombinationer>3,16,23,27,28,31,36,0</RækkeSpilkombinationer>
          </Spilkombinationer>
          <Spilkombinationer>
            <RækkeNummer>8</RækkeNummer>
            <RækkeSpilkombinationer>11,16,23,27,28,31,36,0</RækkeSpilkombinationer>
          </Spilkombinationer>
        </SpilkombinationerListe>
      </SpillerOgKupon>
      <SpillerOgKupon>
        <SpillerInformationIdentifikation>276100</SpillerInformationIdentifikation>
        <SpilTransaktionIdentifikation>43083700482649927011000001590</SpilTransaktionIdentifikation>
        <SpilKøbDatoTid>2020-12-01T21:16:52Z</SpilKøbDatoTid>
        <SpilSalgskanal>Mobil</SpilSalgskanal>
        <SpilAntalRækker>5</SpilAntalRækker>
        <SpilIndskud>25</SpilIndskud>
        <SpilIndskudSpil>25</SpilIndskudSpil>
        <MonopolTalspilType>Normal</MonopolTalspilType>
        <ValutaOplysningKode>DKK</ValutaOplysningKode>
        <SpilSted>
          <SpilHjemmeside>mobil.danskespil.dk</SpilHjemmeside>
        </SpilSted>
        <JackpotListe></JackpotListe>
        <SpilkombinationerListe>
          <Spilkombinationer>
            <RækkeNummer>1</RækkeNummer>
            <RækkeSpilkombinationer>7,12,15,19,21,25,34,0</RækkeSpilkombinationer>
          </Spilkombinationer>
          <Spilkombinationer>
            <RækkeNummer>2</RækkeNummer>
            <RækkeSpilkombinationer>1,13,14,17,22,28,35,0</RækkeSpilkombinationer>
          </Spilkombinationer>
          <Spilkombinationer>
            <RækkeNummer>3</RækkeNummer>
            <RækkeSpilkombinationer>1,9,12,13,19,25,36,0</RækkeSpilkombinationer>
          </Spilkombinationer>
          <Spilkombinationer>
            <RækkeNummer>4</RækkeNummer>
            <RækkeSpilkombinationer>1,10,17,21,25,34,36,0</RækkeSpilkombinationer>
          </Spilkombinationer>
          <Spilkombinationer>
            <RækkeNummer>5</RækkeNummer>
            <RækkeSpilkombinationer>10,12,18,21,24,25,27,0</RækkeSpilkombinationer>
          </Spilkombinationer>
        </SpilkombinationerListe>
      </SpillerOgKupon>
    </TalSpil>
  </MonopolTalspilTransaktionStruktur>
</MonopolTalspilTransaktionStruktur>