<?xml version="1.0" encoding="UTF-8"?>
<MonopolTalspilTransaktionStruktur xmlns="http://skat.dk/begrebsmodel/2009/01/15/">
  <MonopolTalspilTransaktionStruktur>
    <FilInformation>
      <SpilFilVersion>v2</SpilFilVersion>
      <SpilFilIdentifikation>SG_numbergame-1606859177-00000000071b571e</SpilFilIdentifikation>
    </FilInformation>
    <TilladelsesindehaverOgSpil>
      <SpilCertifikatIdentifikation>DLOLoerdagsLotto</SpilCertifikatIdentifikation>
      <MonopolSpilKategoriNavn>MonopolLoerdagsLotto</MonopolSpilKategoriNavn>
      <MonopolSpilProduktNavn>Lotto</MonopolSpilProduktNavn>
      <MonopolSpilProduktIdentifikation>011-000001590</MonopolSpilProduktIdentifikation>
    </TilladelsesindehaverOgSpil>
    <TalSpil>
      <SpillerOgKupon>
        <SpillerInformationIdentifikation>529157</SpillerInformationIdentifikation>
        <SpilTransaktionIdentifikation>43083700382658068011000001590</SpilTransaktionIdentifikation>
        <SpilKøbDatoTid>2020-12-01T21:44:09Z</SpilKøbDatoTid>
        <SpilSalgskanal>Mobil</SpilSalgskanal>
        <SpilAntalRækker>5</SpilAntalRækker>
        <SpilIndskud>25</SpilIndskud>
        <SpilIndskudSpil>25</SpilIndskudSpil>
        <MonopolTalspilType>Normal</MonopolTalspilType>
        <ValutaOplysningKode>DKK</ValutaOplysningKode>
        <SpilSted>
          <SpilHjemmeside>mobil.danskespil.dk</SpilHjemmeside>
        </SpilSted>
        <JackpotListe></JackpotListe>
        <SpilkombinationerListe>
          <Spilkombinationer>
            <RækkeNummer>1</RækkeNummer>
            <RækkeSpilkombinationer>2,5,9,10,12,35,36,0</RækkeSpilkombinationer>
          </Spilkombinationer>
          <Spilkombinationer>
            <RækkeNummer>2</RækkeNummer>
            <RækkeSpilkombinationer>5,12,13,19,20,30,33,0</RækkeSpilkombinationer>
          </Spilkombinationer>
          <Spilkombinationer>
            <RækkeNummer>3</RækkeNummer>
            <RækkeSpilkombinationer>4,6,13,20,25,28,34,0</RækkeSpilkombinationer>
          </Spilkombinationer>
          <Spilkombinationer>
            <RækkeNummer>4</RækkeNummer>
            <RækkeSpilkombinationer>5,13,14,16,19,30,35,0</RækkeSpilkombinationer>
          </Spilkombinationer>
          <Spilkombinationer>
            <RækkeNummer>5</RækkeNummer>
            <RækkeSpilkombinationer>3,7,15,18,20,29,33,0</RækkeSpilkombinationer>
          </Spilkombinationer>
        </SpilkombinationerListe>
      </SpillerOgKupon>
    </TalSpil>
  </MonopolTalspilTransaktionStruktur>
</MonopolTalspilTransaktionStruktur>