<?xml version="1.0" encoding="UTF-8"?>
<MonopolTalspilTransaktionStruktur xmlns="http://skat.dk/begrebsmodel/2009/01/15/">
  <MonopolTalspilTransaktionStruktur>
    <FilInformation>
      <SpilFilVersion>v2</SpilFilVersion>
      <SpilFilIdentifikation>SG_numbergame-1606860853-00000000071b591a</SpilFilIdentifikation>
    </FilInformation>
    <TilladelsesindehaverOgSpil>
      <SpilCertifikatIdentifikation>DLOLoerdagsLotto</SpilCertifikatIdentifikation>
      <MonopolSpilKategoriNavn>MonopolLoerdagsLotto</MonopolSpilKategoriNavn>
      <MonopolSpilProduktNavn>Lotto</MonopolSpilProduktNavn>
      <MonopolSpilProduktIdentifikation>011-000001590</MonopolSpilProduktIdentifikation>
    </TilladelsesindehaverOgSpil>
    <TalSpil>
      <SpillerOgKupon>
        <SpillerInformationIdentifikation></SpillerInformationIdentifikation>
        <SpilTransaktionIdentifikation>43083700482652072011000001590</SpilTransaktionIdentifikation>
        <SpilKøbDatoTid>2020-12-01T22:11:33Z</SpilKøbDatoTid>
        <SpilSalgskanal>Forhandler</SpilSalgskanal>
        <SpilAntalRækker>10</SpilAntalRækker>
        <SpilIndskud>50</SpilIndskud>
        <SpilIndskudSpil>50</SpilIndskudSpil>
        <MonopolTalspilType>Normal</MonopolTalspilType>
        <ValutaOplysningKode>DKK</ValutaOplysningKode>
        <SpilSted>
          <SpilTerminalIdentifikation>RET/620099235</SpilTerminalIdentifikation>
        </SpilSted>
        <JackpotListe></JackpotListe>
        <SpilkombinationerListe>
          <Spilkombinationer>
            <RækkeNummer>1</RækkeNummer>
            <RækkeSpilkombinationer>2,4,11,20,23,26,35,0</RækkeSpilkombinationer>
          </Spilkombinationer>
          <Spilkombinationer>
            <RækkeNummer>2</RækkeNummer>
            <RækkeSpilkombinationer>1,6,9,16,24,26,28,0</RækkeSpilkombinationer>
          </Spilkombinationer>
          <Spilkombinationer>
            <RækkeNummer>3</RækkeNummer>
            <RækkeSpilkombinationer>5,9,10,11,27,30,33,0</RækkeSpilkombinationer>
          </Spilkombinationer>
          <Spilkombinationer>
            <RækkeNummer>4</RækkeNummer>
            <RækkeSpilkombinationer>2,4,17,24,26,27,34,0</RækkeSpilkombinationer>
          </Spilkombinationer>
          <Spilkombinationer>
            <RækkeNummer>5</RækkeNummer>
            <RækkeSpilkombinationer>10,12,17,20,21,22,25,0</RækkeSpilkombinationer>
          </Spilkombinationer>
          <Spilkombinationer>
            <RækkeNummer>6</RækkeNummer>
            <RækkeSpilkombinationer>3,5,6,8,15,22,24,0</RækkeSpilkombinationer>
          </Spilkombinationer>
          <Spilkombinationer>
            <RækkeNummer>7</RækkeNummer>
            <RækkeSpilkombinationer>9,11,12,13,17,18,25,0</RækkeSpilkombinationer>
          </Spilkombinationer>
          <Spilkombinationer>
            <RækkeNummer>8</RækkeNummer>
            <RækkeSpilkombinationer>2,13,19,28,32,33,34,0</RækkeSpilkombinationer>
          </Spilkombinationer>
          <Spilkombinationer>
            <RækkeNummer>9</RækkeNummer>
            <RækkeSpilkombinationer>6,11,12,13,21,22,27,0</RækkeSpilkombinationer>
          </Spilkombinationer>
          <Spilkombinationer>
            <RækkeNummer>10</RækkeNummer>
            <RækkeSpilkombinationer>2,3,7,8,11,27,34,0</RækkeSpilkombinationer>
          </Spilkombinationer>
        </SpilkombinationerListe>
      </SpillerOgKupon>
    </TalSpil>
  </MonopolTalspilTransaktionStruktur>
</MonopolTalspilTransaktionStruktur>