<?xml version="1.0" encoding="UTF-8"?>
<MonopolTalspilTransaktionStruktur xmlns="http://skat.dk/begrebsmodel/2009/01/15/">
  <MonopolTalspilTransaktionStruktur>
    <FilInformation>
      <SpilFilVersion>v2</SpilFilVersion>
      <SpilFilIdentifikation>SG_numbergame-1606861208-00000000071b5993</SpilFilIdentifikation>
    </FilInformation>
    <TilladelsesindehaverOgSpil>
      <SpilCertifikatIdentifikation>DLOLoerdagsLotto</SpilCertifikatIdentifikation>
      <MonopolSpilKategoriNavn>MonopolLoerdagsLotto</MonopolSpilKategoriNavn>
      <MonopolSpilProduktNavn>Lotto</MonopolSpilProduktNavn>
      <MonopolSpilProduktIdentifikation>011-000001590</MonopolSpilProduktIdentifikation>
    </TilladelsesindehaverOgSpil>
    <TalSpil>
      <SpillerOgKupon>
        <SpillerInformationIdentifikation>153583</SpillerInformationIdentifikation>
        <SpilTransaktionIdentifikation>43083700482681817011000001590</SpilTransaktionIdentifikation>
        <SpilKøbDatoTid>2020-12-01T22:17:53Z</SpilKøbDatoTid>
        <SpilSalgskanal>Mobil</SpilSalgskanal>
        <SpilAntalRækker>1</SpilAntalRækker>
        <SpilIndskud>5</SpilIndskud>
        <SpilIndskudSpil>5</SpilIndskudSpil>
        <MonopolTalspilType>Normal</MonopolTalspilType>
        <ValutaOplysningKode>DKK</ValutaOplysningKode>
        <SpilSted>
          <SpilHjemmeside>mobil.danskespil.dk</SpilHjemmeside>
        </SpilSted>
        <JackpotListe></JackpotListe>
        <SpilkombinationerListe>
          <Spilkombinationer>
            <RækkeNummer>1</RækkeNummer>
            <RækkeSpilkombinationer>3,7,11,12,18,23,31,0</RækkeSpilkombinationer>
          </Spilkombinationer>
        </SpilkombinationerListe>
      </SpillerOgKupon>
      <SpillerOgKupon>
        <SpillerInformationIdentifikation></SpillerInformationIdentifikation>
        <SpilTransaktionIdentifikation>43083700482681824011000001590</SpilTransaktionIdentifikation>
        <SpilKøbDatoTid>2020-12-01T22:18:04Z</SpilKøbDatoTid>
        <SpilSalgskanal>Forhandler</SpilSalgskanal>
        <SpilAntalRækker>10</SpilAntalRækker>
        <SpilIndskud>50</SpilIndskud>
        <SpilIndskudSpil>50</SpilIndskudSpil>
        <MonopolTalspilType>Normal</MonopolTalspilType>
        <ValutaOplysningKode>DKK</ValutaOplysningKode>
        <SpilSted>
          <SpilTerminalIdentifikation>RET/1382813012</SpilTerminalIdentifikation>
        </SpilSted>
        <JackpotListe></JackpotListe>
        <SpilkombinationerListe>
          <Spilkombinationer>
            <RækkeNummer>1</RækkeNummer>
            <RækkeSpilkombinationer>4,5,14,15,17,26,32,0</RækkeSpilkombinationer>
          </Spilkombinationer>
          <Spilkombinationer>
            <RækkeNummer>2</RækkeNummer>
            <RækkeSpilkombinationer>2,4,16,23,29,32,35,0</RækkeSpilkombinationer>
          </Spilkombinationer>
          <Spilkombinationer>
            <RækkeNummer>3</RækkeNummer>
            <RækkeSpilkombinationer>13,17,21,24,25,29,30,0</RækkeSpilkombinationer>
          </Spilkombinationer>
          <Spilkombinationer>
            <RækkeNummer>4</RækkeNummer>
            <RækkeSpilkombinationer>6,11,17,18,30,31,33,0</RækkeSpilkombinationer>
          </Spilkombinationer>
          <Spilkombinationer>
            <RækkeNummer>5</RækkeNummer>
            <RækkeSpilkombinationer>4,5,8,9,12,17,23,0</RækkeSpilkombinationer>
          </Spilkombinationer>
          <Spilkombinationer>
            <RækkeNummer>6</RækkeNummer>
            <RækkeSpilkombinationer>4,7,20,23,24,30,35,0</RækkeSpilkombinationer>
          </Spilkombinationer>
          <Spilkombinationer>
            <RækkeNummer>7</RækkeNummer>
            <RækkeSpilkombinationer>2,5,8,11,18,20,25,0</RækkeSpilkombinationer>
          </Spilkombinationer>
          <Spilkombinationer>
            <RækkeNummer>8</RækkeNummer>
            <RækkeSpilkombinationer>1,4,5,8,18,26,28,0</RækkeSpilkombinationer>
          </Spilkombinationer>
          <Spilkombinationer>
            <RækkeNummer>9</RækkeNummer>
            <RækkeSpilkombinationer>19,24,25,29,30,32,35,0</RækkeSpilkombinationer>
          </Spilkombinationer>
          <Spilkombinationer>
            <RækkeNummer>10</RækkeNummer>
            <RækkeSpilkombinationer>1,10,16,19,22,24,25,0</RækkeSpilkombinationer>
          </Spilkombinationer>
        </SpilkombinationerListe>
      </SpillerOgKupon>
    </TalSpil>
  </MonopolTalspilTransaktionStruktur>
</MonopolTalspilTransaktionStruktur>