<?xml version="1.0" encoding="UTF-8"?>
<MonopolTalspilTransaktionStruktur xmlns="http://skat.dk/begrebsmodel/2009/01/15/">
  <MonopolTalspilTransaktionStruktur>
    <FilInformation>
      <SpilFilVersion>v2</SpilFilVersion>
      <SpilFilIdentifikation>SG_numbergame-1606858697-00000000071b566a</SpilFilIdentifikation>
    </FilInformation>
    <TilladelsesindehaverOgSpil>
      <SpilCertifikatIdentifikation>DLOLoerdagsLotto</SpilCertifikatIdentifikation>
      <MonopolSpilKategoriNavn>MonopolLoerdagsLotto</MonopolSpilKategoriNavn>
      <MonopolSpilProduktNavn>Lotto</MonopolSpilProduktNavn>
      <MonopolSpilProduktIdentifikation>011-000001590</MonopolSpilProduktIdentifikation>
    </TilladelsesindehaverOgSpil>
    <TalSpil>
      <SpillerOgKupon>
        <SpillerInformationIdentifikation>998188</SpillerInformationIdentifikation>
        <SpilTransaktionIdentifikation>43083700382657645011000001590</SpilTransaktionIdentifikation>
        <SpilKøbDatoTid>2020-12-01T21:35:27Z</SpilKøbDatoTid>
        <SpilSalgskanal>Internet</SpilSalgskanal>
        <SpilAntalRækker>10</SpilAntalRækker>
        <SpilIndskud>50</SpilIndskud>
        <SpilIndskudSpil>50</SpilIndskudSpil>
        <MonopolTalspilType>Normal</MonopolTalspilType>
        <ValutaOplysningKode>DKK</ValutaOplysningKode>
        <SpilSted>
          <SpilHjemmeside>danskespil.dk</SpilHjemmeside>
        </SpilSted>
        <JackpotListe></JackpotListe>
        <SpilkombinationerListe>
          <Spilkombinationer>
            <RækkeNummer>1</RækkeNummer>
            <RækkeSpilkombinationer>5,11,13,15,21,24,30,0</RækkeSpilkombinationer>
          </Spilkombinationer>
          <Spilkombinationer>
            <RækkeNummer>2</RækkeNummer>
            <RækkeSpilkombinationer>6,8,9,13,15,18,24,0</RækkeSpilkombinationer>
          </Spilkombinationer>
          <Spilkombinationer>
            <RækkeNummer>3</RækkeNummer>
            <RækkeSpilkombinationer>1,3,10,13,25,33,36,0</RækkeSpilkombinationer>
          </Spilkombinationer>
          <Spilkombinationer>
            <RækkeNummer>4</RækkeNummer>
            <RækkeSpilkombinationer>5,8,12,13,19,21,25,0</RækkeSpilkombinationer>
          </Spilkombinationer>
          <Spilkombinationer>
            <RækkeNummer>5</RækkeNummer>
            <RækkeSpilkombinationer>3,16,24,25,29,31,32,0</RækkeSpilkombinationer>
          </Spilkombinationer>
          <Spilkombinationer>
            <RækkeNummer>6</RækkeNummer>
            <RækkeSpilkombinationer>6,9,19,22,26,30,31,0</RækkeSpilkombinationer>
          </Spilkombinationer>
          <Spilkombinationer>
            <RækkeNummer>7</RækkeNummer>
            <RækkeSpilkombinationer>3,4,11,20,25,29,35,0</RækkeSpilkombinationer>
          </Spilkombinationer>
          <Spilkombinationer>
            <RækkeNummer>8</RækkeNummer>
            <RækkeSpilkombinationer>5,6,8,17,25,26,32,0</RækkeSpilkombinationer>
          </Spilkombinationer>
          <Spilkombinationer>
            <RækkeNummer>9</RækkeNummer>
            <RækkeSpilkombinationer>1,10,14,19,24,30,36,0</RækkeSpilkombinationer>
          </Spilkombinationer>
          <Spilkombinationer>
            <RækkeNummer>10</RækkeNummer>
            <RækkeSpilkombinationer>4,6,14,15,26,35,36,0</RækkeSpilkombinationer>
          </Spilkombinationer>
        </SpilkombinationerListe>
      </SpillerOgKupon>
      <SpillerOgKupon>
        <SpillerInformationIdentifikation>3674720</SpillerInformationIdentifikation>
        <SpilTransaktionIdentifikation>43083700382657648011000001590</SpilTransaktionIdentifikation>
        <SpilKøbDatoTid>2020-12-01T21:35:30Z</SpilKøbDatoTid>
        <SpilSalgskanal>Mobil</SpilSalgskanal>
        <SpilAntalRækker>10</SpilAntalRækker>
        <SpilIndskud>50</SpilIndskud>
        <SpilIndskudSpil>50</SpilIndskudSpil>
        <MonopolTalspilType>Normal</MonopolTalspilType>
        <ValutaOplysningKode>DKK</ValutaOplysningKode>
        <SpilSted>
          <SpilHjemmeside>mobil.danskespil.dk</SpilHjemmeside>
        </SpilSted>
        <JackpotListe></JackpotListe>
        <SpilkombinationerListe>
          <Spilkombinationer>
            <RækkeNummer>1</RækkeNummer>
            <RækkeSpilkombinationer>11,15,17,25,27,29,30,0</RækkeSpilkombinationer>
          </Spilkombinationer>
          <Spilkombinationer>
            <RækkeNummer>2</RækkeNummer>
            <RækkeSpilkombinationer>3,9,12,17,19,21,28,0</RækkeSpilkombinationer>
          </Spilkombinationer>
          <Spilkombinationer>
            <RækkeNummer>3</RækkeNummer>
            <RækkeSpilkombinationer>9,12,16,20,23,27,34,0</RækkeSpilkombinationer>
          </Spilkombinationer>
          <Spilkombinationer>
            <RækkeNummer>4</RækkeNummer>
            <RækkeSpilkombinationer>11,17,21,27,29,30,33,0</RækkeSpilkombinationer>
          </Spilkombinationer>
          <Spilkombinationer>
            <RækkeNummer>5</RækkeNummer>
            <RækkeSpilkombinationer>9,15,19,23,24,28,31,0</RækkeSpilkombinationer>
          </Spilkombinationer>
          <Spilkombinationer>
            <RækkeNummer>6</RækkeNummer>
            <RækkeSpilkombinationer>1,8,12,19,20,21,25,0</RækkeSpilkombinationer>
          </Spilkombinationer>
          <Spilkombinationer>
            <RækkeNummer>7</RækkeNummer>
            <RækkeSpilkombinationer>9,10,28,30,32,33,36,0</RækkeSpilkombinationer>
          </Spilkombinationer>
          <Spilkombinationer>
            <RækkeNummer>8</RækkeNummer>
            <RækkeSpilkombinationer>11,20,23,25,27,28,35,0</RækkeSpilkombinationer>
          </Spilkombinationer>
          <Spilkombinationer>
            <RækkeNummer>9</RækkeNummer>
            <RækkeSpilkombinationer>1,6,9,14,29,30,36,0</RækkeSpilkombinationer>
          </Spilkombinationer>
          <Spilkombinationer>
            <RækkeNummer>10</RækkeNummer>
            <RækkeSpilkombinationer>9,19,24,25,29,30,36,0</RækkeSpilkombinationer>
          </Spilkombinationer>
        </SpilkombinationerListe>
      </SpillerOgKupon>
      <SpillerOgKupon>
        <SpillerInformationIdentifikation>726952</SpillerInformationIdentifikation>
        <SpilTransaktionIdentifikation>43083700382657660011000001590</SpilTransaktionIdentifikation>
        <SpilKøbDatoTid>2020-12-01T21:35:50Z</SpilKøbDatoTid>
        <SpilSalgskanal>Internet</SpilSalgskanal>
        <SpilAntalRækker>1</SpilAntalRækker>
        <SpilIndskud>5</SpilIndskud>
        <SpilIndskudSpil>5</SpilIndskudSpil>
        <MonopolTalspilType>Normal</MonopolTalspilType>
        <ValutaOplysningKode>DKK</ValutaOplysningKode>
        <SpilSted>
          <SpilHjemmeside>danskespil.dk</SpilHjemmeside>
        </SpilSted>
        <JackpotListe></JackpotListe>
        <SpilkombinationerListe>
          <Spilkombinationer>
            <RækkeNummer>1</RækkeNummer>
            <RækkeSpilkombinationer>8,10,12,17,24,26,27,0</RækkeSpilkombinationer>
          </Spilkombinationer>
        </SpilkombinationerListe>
      </SpillerOgKupon>
      <SpillerOgKupon>
        <SpillerInformationIdentifikation>3611278</SpillerInformationIdentifikation>
        <SpilTransaktionIdentifikation>43083700382657676011000001590</SpilTransaktionIdentifikation>
        <SpilKøbDatoTid>2020-12-01T21:36:10Z</SpilKøbDatoTid>
        <SpilSalgskanal>Internet</SpilSalgskanal>
        <SpilAntalRækker>3</SpilAntalRækker>
        <SpilIndskud>15</SpilIndskud>
        <SpilIndskudSpil>15</SpilIndskudSpil>
        <MonopolTalspilType>Normal</MonopolTalspilType>
        <ValutaOplysningKode>DKK</ValutaOplysningKode>
        <SpilSted>
          <SpilHjemmeside>danskespil.dk</SpilHjemmeside>
        </SpilSted>
        <JackpotListe></JackpotListe>
        <SpilkombinationerListe>
          <Spilkombinationer>
            <RækkeNummer>1</RækkeNummer>
            <RækkeSpilkombinationer>1,6,7,12,23,28,31,0</RækkeSpilkombinationer>
          </Spilkombinationer>
          <Spilkombinationer>
            <RækkeNummer>2</RækkeNummer>
            <RækkeSpilkombinationer>5,8,16,21,24,28,34,0</RækkeSpilkombinationer>
          </Spilkombinationer>
          <Spilkombinationer>
            <RækkeNummer>3</RækkeNummer>
            <RækkeSpilkombinationer>3,6,8,12,19,20,31,0</RækkeSpilkombinationer>
          </Spilkombinationer>
        </SpilkombinationerListe>
      </SpillerOgKupon>
      <SpillerOgKupon>
        <SpillerInformationIdentifikation>1041291</SpillerInformationIdentifikation>
        <SpilTransaktionIdentifikation>43083700382657694011000001590</SpilTransaktionIdentifikation>
        <SpilKøbDatoTid>2020-12-01T21:36:26Z</SpilKøbDatoTid>
        <SpilSalgskanal>Mobil</SpilSalgskanal>
        <SpilAntalRækker>10</SpilAntalRækker>
        <SpilIndskud>50</SpilIndskud>
        <SpilIndskudSpil>50</SpilIndskudSpil>
        <MonopolTalspilType>Normal</MonopolTalspilType>
        <ValutaOplysningKode>DKK</ValutaOplysningKode>
        <SpilSted>
          <SpilHjemmeside>mobil.danskespil.dk</SpilHjemmeside>
        </SpilSted>
        <JackpotListe></JackpotListe>
        <SpilkombinationerListe>
          <Spilkombinationer>
            <RækkeNummer>1</RækkeNummer>
            <RækkeSpilkombinationer>1,4,7,20,23,30,34,0</RækkeSpilkombinationer>
          </Spilkombinationer>
          <Spilkombinationer>
            <RækkeNummer>2</RækkeNummer>
            <RækkeSpilkombinationer>4,7,11,22,29,32,33,0</RækkeSpilkombinationer>
          </Spilkombinationer>
          <Spilkombinationer>
            <RækkeNummer>3</RækkeNummer>
            <RækkeSpilkombinationer>3,4,11,12,22,23,34,0</RækkeSpilkombinationer>
          </Spilkombinationer>
          <Spilkombinationer>
            <RækkeNummer>4</RækkeNummer>
            <RækkeSpilkombinationer>21,22,23,24,30,34,35,0</RækkeSpilkombinationer>
          </Spilkombinationer>
          <Spilkombinationer>
            <RækkeNummer>5</RækkeNummer>
            <RækkeSpilkombinationer>1,5,13,15,17,26,36,0</RækkeSpilkombinationer>
          </Spilkombinationer>
          <Spilkombinationer>
            <RækkeNummer>6</RækkeNummer>
            <RækkeSpilkombinationer>5,9,11,14,26,27,33,0</RækkeSpilkombinationer>
          </Spilkombinationer>
          <Spilkombinationer>
            <RækkeNummer>7</RækkeNummer>
            <RækkeSpilkombinationer>9,11,12,16,17,19,30,0</RækkeSpilkombinationer>
          </Spilkombinationer>
          <Spilkombinationer>
            <RækkeNummer>8</RækkeNummer>
            <RækkeSpilkombinationer>3,8,12,15,16,25,32,0</RækkeSpilkombinationer>
          </Spilkombinationer>
          <Spilkombinationer>
            <RækkeNummer>9</RækkeNummer>
            <RækkeSpilkombinationer>9,13,25,27,28,30,35,0</RækkeSpilkombinationer>
          </Spilkombinationer>
          <Spilkombinationer>
            <RækkeNummer>10</RækkeNummer>
            <RækkeSpilkombinationer>1,12,21,29,31,33,36,0</RækkeSpilkombinationer>
          </Spilkombinationer>
        </SpilkombinationerListe>
      </SpillerOgKupon>
    </TalSpil>
  </MonopolTalspilTransaktionStruktur>
</MonopolTalspilTransaktionStruktur>