<?xml version="1.0" encoding="UTF-8"?>
<MonopolTalspilTransaktionStruktur xmlns="http://skat.dk/begrebsmodel/2009/01/15/">
  <MonopolTalspilTransaktionStruktur>
    <FilInformation>
      <SpilFilVersion>v2</SpilFilVersion>
      <SpilFilIdentifikation>SG_numbergame-1606861088-00000000071b5969</SpilFilIdentifikation>
    </FilInformation>
    <TilladelsesindehaverOgSpil>
      <SpilCertifikatIdentifikation>DLOLoerdagsLotto</SpilCertifikatIdentifikation>
      <MonopolSpilKategoriNavn>MonopolLoerdagsLotto</MonopolSpilKategoriNavn>
      <MonopolSpilProduktNavn>Lotto</MonopolSpilProduktNavn>
      <MonopolSpilProduktIdentifikation>011-000001590</MonopolSpilProduktIdentifikation>
    </TilladelsesindehaverOgSpil>
    <TalSpil>
      <SpillerOgKupon>
        <SpillerInformationIdentifikation>3887912</SpillerInformationIdentifikation>
        <SpilTransaktionIdentifikation>43083700482681762011000001590</SpilTransaktionIdentifikation>
        <SpilKøbDatoTid>2020-12-01T22:15:52Z</SpilKøbDatoTid>
        <SpilSalgskanal>Mobil</SpilSalgskanal>
        <SpilAntalRækker>15</SpilAntalRækker>
        <SpilIndskud>75</SpilIndskud>
        <SpilIndskudSpil>75</SpilIndskudSpil>
        <MonopolTalspilType>Normal</MonopolTalspilType>
        <ValutaOplysningKode>DKK</ValutaOplysningKode>
        <SpilSted>
          <SpilHjemmeside>mobil.danskespil.dk</SpilHjemmeside>
        </SpilSted>
        <JackpotListe></JackpotListe>
        <SpilkombinationerListe>
          <Spilkombinationer>
            <RækkeNummer>1</RækkeNummer>
            <RækkeSpilkombinationer>10,11,15,19,20,24,35,0</RækkeSpilkombinationer>
          </Spilkombinationer>
          <Spilkombinationer>
            <RækkeNummer>2</RækkeNummer>
            <RækkeSpilkombinationer>3,10,25,28,32,34,35,0</RækkeSpilkombinationer>
          </Spilkombinationer>
          <Spilkombinationer>
            <RækkeNummer>3</RækkeNummer>
            <RækkeSpilkombinationer>1,7,9,10,23,31,33,0</RækkeSpilkombinationer>
          </Spilkombinationer>
          <Spilkombinationer>
            <RækkeNummer>4</RækkeNummer>
            <RækkeSpilkombinationer>3,5,7,14,23,32,36,0</RækkeSpilkombinationer>
          </Spilkombinationer>
          <Spilkombinationer>
            <RækkeNummer>5</RækkeNummer>
            <RækkeSpilkombinationer>4,15,19,20,23,25,26,0</RækkeSpilkombinationer>
          </Spilkombinationer>
          <Spilkombinationer>
            <RækkeNummer>6</RækkeNummer>
            <RækkeSpilkombinationer>2,5,8,10,23,25,31,0</RækkeSpilkombinationer>
          </Spilkombinationer>
          <Spilkombinationer>
            <RækkeNummer>7</RækkeNummer>
            <RækkeSpilkombinationer>1,9,19,22,24,29,35,0</RækkeSpilkombinationer>
          </Spilkombinationer>
          <Spilkombinationer>
            <RækkeNummer>8</RækkeNummer>
            <RækkeSpilkombinationer>1,3,15,16,21,24,35,0</RækkeSpilkombinationer>
          </Spilkombinationer>
          <Spilkombinationer>
            <RækkeNummer>9</RækkeNummer>
            <RækkeSpilkombinationer>3,5,9,20,24,31,33,0</RækkeSpilkombinationer>
          </Spilkombinationer>
          <Spilkombinationer>
            <RækkeNummer>10</RækkeNummer>
            <RækkeSpilkombinationer>8,11,14,15,22,26,31,0</RækkeSpilkombinationer>
          </Spilkombinationer>
          <Spilkombinationer>
            <RækkeNummer>11</RækkeNummer>
            <RækkeSpilkombinationer>7,8,14,21,26,33,36,0</RækkeSpilkombinationer>
          </Spilkombinationer>
          <Spilkombinationer>
            <RækkeNummer>12</RækkeNummer>
            <RækkeSpilkombinationer>7,11,21,27,29,31,36,0</RækkeSpilkombinationer>
          </Spilkombinationer>
          <Spilkombinationer>
            <RækkeNummer>13</RækkeNummer>
            <RækkeSpilkombinationer>12,15,21,25,27,35,36,0</RækkeSpilkombinationer>
          </Spilkombinationer>
          <Spilkombinationer>
            <RækkeNummer>14</RækkeNummer>
            <RækkeSpilkombinationer>3,9,10,11,14,16,27,0</RækkeSpilkombinationer>
          </Spilkombinationer>
          <Spilkombinationer>
            <RækkeNummer>15</RækkeNummer>
            <RækkeSpilkombinationer>1,4,6,9,16,23,33,0</RækkeSpilkombinationer>
          </Spilkombinationer>
        </SpilkombinationerListe>
      </SpillerOgKupon>
      <SpillerOgKupon>
        <SpillerInformationIdentifikation>36452</SpillerInformationIdentifikation>
        <SpilTransaktionIdentifikation>43083700482681767011000001590</SpilTransaktionIdentifikation>
        <SpilKøbDatoTid>2020-12-01T22:16:01Z</SpilKøbDatoTid>
        <SpilSalgskanal>Mobil</SpilSalgskanal>
        <SpilAntalRækker>16</SpilAntalRækker>
        <SpilIndskud>80</SpilIndskud>
        <SpilIndskudSpil>80</SpilIndskudSpil>
        <MonopolTalspilType>Normal</MonopolTalspilType>
        <ValutaOplysningKode>DKK</ValutaOplysningKode>
        <SpilSted>
          <SpilHjemmeside>mobil.danskespil.dk</SpilHjemmeside>
        </SpilSted>
        <JackpotListe></JackpotListe>
        <SpilkombinationerListe>
          <Spilkombinationer>
            <RækkeNummer>1</RækkeNummer>
            <RækkeSpilkombinationer>1,2,5,6,9,18,21,0</RækkeSpilkombinationer>
          </Spilkombinationer>
          <Spilkombinationer>
            <RækkeNummer>2</RækkeNummer>
            <RækkeSpilkombinationer>4,15,16,20,21,31,35,0</RækkeSpilkombinationer>
          </Spilkombinationer>
          <Spilkombinationer>
            <RækkeNummer>3</RækkeNummer>
            <RækkeSpilkombinationer>3,10,12,14,17,27,36,0</RækkeSpilkombinationer>
          </Spilkombinationer>
          <Spilkombinationer>
            <RækkeNummer>4</RækkeNummer>
            <RækkeSpilkombinationer>7,8,9,11,14,26,33,0</RækkeSpilkombinationer>
          </Spilkombinationer>
          <Spilkombinationer>
            <RækkeNummer>5</RækkeNummer>
            <RækkeSpilkombinationer>18,21,22,23,25,31,35,0</RækkeSpilkombinationer>
          </Spilkombinationer>
          <Spilkombinationer>
            <RækkeNummer>6</RækkeNummer>
            <RækkeSpilkombinationer>4,13,15,16,25,30,34,0</RækkeSpilkombinationer>
          </Spilkombinationer>
          <Spilkombinationer>
            <RækkeNummer>7</RækkeNummer>
            <RækkeSpilkombinationer>9,17,24,25,27,31,34,0</RækkeSpilkombinationer>
          </Spilkombinationer>
          <Spilkombinationer>
            <RækkeNummer>8</RækkeNummer>
            <RækkeSpilkombinationer>9,18,22,27,29,35,36,0</RækkeSpilkombinationer>
          </Spilkombinationer>
          <Spilkombinationer>
            <RækkeNummer>9</RækkeNummer>
            <RækkeSpilkombinationer>1,9,17,18,27,29,32,0</RækkeSpilkombinationer>
          </Spilkombinationer>
          <Spilkombinationer>
            <RækkeNummer>10</RækkeNummer>
            <RækkeSpilkombinationer>10,14,16,18,21,27,36,0</RækkeSpilkombinationer>
          </Spilkombinationer>
          <Spilkombinationer>
            <RækkeNummer>11</RækkeNummer>
            <RækkeSpilkombinationer>1,16,17,19,25,28,33,0</RækkeSpilkombinationer>
          </Spilkombinationer>
          <Spilkombinationer>
            <RækkeNummer>12</RækkeNummer>
            <RækkeSpilkombinationer>1,4,21,24,27,34,36,0</RækkeSpilkombinationer>
          </Spilkombinationer>
          <Spilkombinationer>
            <RækkeNummer>13</RækkeNummer>
            <RækkeSpilkombinationer>5,11,20,29,30,31,33,0</RækkeSpilkombinationer>
          </Spilkombinationer>
          <Spilkombinationer>
            <RækkeNummer>14</RækkeNummer>
            <RækkeSpilkombinationer>9,14,16,19,27,34,36,0</RækkeSpilkombinationer>
          </Spilkombinationer>
          <Spilkombinationer>
            <RækkeNummer>15</RækkeNummer>
            <RækkeSpilkombinationer>6,14,18,25,31,34,35,0</RækkeSpilkombinationer>
          </Spilkombinationer>
          <Spilkombinationer>
            <RækkeNummer>16</RækkeNummer>
            <RækkeSpilkombinationer>1,5,6,16,22,30,33,0</RækkeSpilkombinationer>
          </Spilkombinationer>
        </SpilkombinationerListe>
      </SpillerOgKupon>
    </TalSpil>
  </MonopolTalspilTransaktionStruktur>
</MonopolTalspilTransaktionStruktur>