<?xml version="1.0" encoding="UTF-8"?>
<MonopolTalspilTransaktionStruktur xmlns="http://skat.dk/begrebsmodel/2009/01/15/">
  <MonopolTalspilTransaktionStruktur>
    <FilInformation>
      <SpilFilVersion>v2</SpilFilVersion>
      <SpilFilIdentifikation>SG_numbergame-1606861688-00000000071b5a1b</SpilFilIdentifikation>
    </FilInformation>
    <TilladelsesindehaverOgSpil>
      <SpilCertifikatIdentifikation>DLOLoerdagsLotto</SpilCertifikatIdentifikation>
      <MonopolSpilKategoriNavn>MonopolLoerdagsLotto</MonopolSpilKategoriNavn>
      <MonopolSpilProduktNavn>Lotto</MonopolSpilProduktNavn>
      <MonopolSpilProduktIdentifikation>011-000001590</MonopolSpilProduktIdentifikation>
    </TilladelsesindehaverOgSpil>
    <TalSpil>
      <SpillerOgKupon>
        <SpillerInformationIdentifikation>3636443</SpillerInformationIdentifikation>
        <SpilTransaktionIdentifikation>43083700482682096011000001590</SpilTransaktionIdentifikation>
        <SpilKøbDatoTid>2020-12-01T22:25:50Z</SpilKøbDatoTid>
        <SpilSalgskanal>Internet</SpilSalgskanal>
        <SpilAntalRækker>3</SpilAntalRækker>
        <SpilIndskud>15</SpilIndskud>
        <SpilIndskudSpil>15</SpilIndskudSpil>
        <MonopolTalspilType>Normal</MonopolTalspilType>
        <ValutaOplysningKode>DKK</ValutaOplysningKode>
        <SpilSted>
          <SpilHjemmeside>danskespil.dk</SpilHjemmeside>
        </SpilSted>
        <JackpotListe></JackpotListe>
        <SpilkombinationerListe>
          <Spilkombinationer>
            <RækkeNummer>1</RækkeNummer>
            <RækkeSpilkombinationer>1,12,14,21,23,28,34,0</RækkeSpilkombinationer>
          </Spilkombinationer>
          <Spilkombinationer>
            <RækkeNummer>2</RækkeNummer>
            <RækkeSpilkombinationer>6,9,15,18,24,27,33,0</RækkeSpilkombinationer>
          </Spilkombinationer>
          <Spilkombinationer>
            <RækkeNummer>3</RækkeNummer>
            <RækkeSpilkombinationer>1,5,11,15,21,31,35,0</RækkeSpilkombinationer>
          </Spilkombinationer>
        </SpilkombinationerListe>
      </SpillerOgKupon>
    </TalSpil>
  </MonopolTalspilTransaktionStruktur>
</MonopolTalspilTransaktionStruktur>